<?xml version="1.0" encoding="GBK" standalone="yes" ?>

<metalib tagsetversion="1" name="echo" enabletlv="true">

    <struct name="EchoRequest"  id="1">

      <entry name="Info" type="string" size="1290" id="1"/>

</struct>



    <struct name="EchoResponse" id="2">

      <entry name="Info" type="string" size="129" id="1"/>

    </struct>

    <service name="PayApi">
        <rpc name="GetInfo" arguments="EchoRequest" returns="EchoResponse" />
        <rpc name="Pay" arguments="EchoRequest" returns="EchoResponse" />
        <rpc name="Check" arguments="EchoRequest" returns="EchoResponse" />
    </service>

</metalib>
